[iw] 0 62480 18ת108\/ ,126

דוגמא קלאסית ל-3601008/108) באזור הררי. אימונים של 50080 6?081081 508 1161160007 יחד
עס הצבא האלבני בהרי אלבניה. לינק מקור למאמר:

בחרתי מספר תמונות מייצגות. היכולת לקבוע מיקוס מדויק של המסוק לא פשוטה אך איננה
בלתי אפשרית. מקריאת המאמר אנו יכולים להבין כי האימוניס נערכו באזור של הכפר 3126.
בחיפוש ראשוני ב 53111 0200816 האזור יראה כך:

מדובר באזור הררי לא קטן. מהיכן ואיך מתחיליסז

נתחיל עס התמונה הראשונה. אנו יכוליס לקחת בחשבון את הטופוגרפיה ההררית שלפנינו, אפיק
הנחל הנמצא בשעה 12 שלנו ותוואי השטח הבולטים וייחודים. נעבור במפה למבט תלת ממד
ובחיפוש, פני השטח כבר ייראו יותר ברורים.
    ->
[it] 0 62480 18 T 108 \/, 126

Un classico esempio di 3601008/108) in una zona montuosa.Allenamento di 50080 6? 081081 508 1161160007 insieme
Le montagne dell'Albania.Fonte del collegamento per un articolo:

Ho scelto una serie di foto rappresentative.La capacità di determinare un accurato sfarfallio dell'elicottero non è facile ma non
impossibile.Dalla lettura dell'articolo possiamo capire che gli Yunis si sono svolti nell'area del villaggio 3126.
In una ricerca iniziale al 53111 0200816 l'area vedrà in questo modo:

Questa è una piccola area montuosa.Da dove e come è un inizio

Cominciamo con la prima foto.Possiamo prendere in considerazione la topografia montuosa davanti a noi, afik
Il flusso che è alla nostra dodicesima ora e il terreno di spicco e unico.Ci sposteremo sulla mappa in un aspetto 3D
E alla ricerca, la superficie sembrerà già più chiara.
[pron.] None
